Image Index; ; ; ; ; ; ; ; ;G-0;G-1;G-2;G-3;G-4
./G-0/613dced2-4e3e-11ea-89ee-a4fc777806ea.jpg; ; ; ; ; ; ; ; ; ; ;1;0;0;0;0
./G-0/61ec624f-4e3e-11ea-bbee-a4fc777806ea.jpg; ; ; ; ; ; ; ; ; ; ;1;0;0;0;0
./G-0/626e4797-4e3e-11ea-a763-a4fc777806ea.jpg; ; ; ; ; ; ; ; ; ; ;1;0;0;0;0
./G-0/6330dfd6-4e3e-11ea-abdb-a4fc777806ea.jpg; ; ; ; ; ; ; ; ; ; ;1;0;0;0;0
./G-0/63c15ff1-4e3e-11ea-915c-a4fc777806ea.jpg; ; ; ; ; ; ; ; ; ; ;1;0;0;0;0
./G-0/644bfd20-4e3e-11ea-992e-a4fc777806ea.jpg; ; ; ; ; ; ; ; ; ; ;1;0;0;0;0
./G-0/654c53a6-4e3e-11ea-8c84-a4fc777806ea.jpg; ; ; ; ; ; ; ; ; ; ;1;0;0;0;0
./G-0/660649cf-4e3e-11ea-820e-a4fc777806ea.jpg; ; ; ; ; ; ; ; ; ; ;1;0;0;0;0
./G-0/66a29e5e-4e3e-11ea-b718-a4fc777806ea.jpg; ; ; ; ; ; ; ; ; ; ;1;0;0;0;0
./G-0/6732446b-4e3e-11ea-8a69-a4fc777806ea.jpg; ; ; ; ; ; ; ; ; ; ;1;0;0;0;0
./G-0/67c76959-4e3e-11ea-a9bb-a4fc777806ea.jpg; ; ; ; ; ; ; ; ; ; ;1;0;0;0;0
./G-0/686ae041-4e3e-11ea-a7d3-a4fc777806ea.jpg; ; ; ; ; ; ; ; ; ; ;1;0;0;0;0
./G-0/6905077c-4e3e-11ea-ad23-a4fc777806ea.jpg; ; ; ; ; ; ; ; ; ; ;1;0;0;0;0
./G-0/699bd478-4e3e-11ea-9461-a4fc777806ea.jpg; ; ; ; ; ; ; ; ; ; ;1;0;0;0;0
./G-0/6a248e9a-4e3e-11ea-8718-a4fc777806ea.jpg; ; ; ; ; ; ; ; ; ; ;1;0;0;0;0
./G-0/6b9356cb-4e3e-11ea-a849-a4fc777806ea.jpg; ; ; ; ; ; ; ; ; ; ;1;0;0;0;0
./G-0/6c2d057a-4e3e-11ea-89eb-a4fc777806ea.jpg; ; ; ; ; ; ; ; ; ; ;1;0;0;0;0
./G-0/6ce66acc-4e3e-11ea-bb2a-a4fc777806ea.jpg; ; ; ; ; ; ; ; ; ; ;1;0;0;0;0
./G-0/6d9b55c5-4e3e-11ea-8e45-a4fc777806ea.jpg; ; ; ; ; ; ; ; ; ; ;1;0;0;0;0
./G-0/6e415722-4e3e-11ea-8547-a4fc777806ea.jpg; ; ; ; ; ; ; ; ; ; ;1;0;0;0;0
./G-0/6fb86cf2-4e3e-11ea-8622-a4fc777806ea.jpg; ; ; ; ; ; ; ; ; ; ;1;0;0;0;0
./G-0/70666350-4e3e-11ea-9702-a4fc777806ea.jpg; ; ; ; ; ; ; ; ; ; ;1;0;0;0;0
./G-0/70de9812-4e3e-11ea-8432-a4fc777806ea.jpg; ; ; ; ; ; ; ; ; ; ;1;0;0;0;0
./G-0/71f4193f-4e3e-11ea-a009-a4fc777806ea.jpg; ; ; ; ; ; ; ; ; ; ;1;0;0;0;0
./G-0/727d6808-4e3e-11ea-9fea-a4fc777806ea.jpg; ; ; ; ; ; ; ; ; ; ;1;0;0;0;0
./G-0/7308098a-4e3e-11ea-bde2-a4fc777806ea.jpg; ; ; ; ; ; ; ; ; ; ;1;0;0;0;0
./G-0/73895a0f-4e3e-11ea-aeeb-a4fc777806ea.jpg; ; ; ; ; ; ; ; ; ; ;1;0;0;0;0
./G-0/74e73c25-4e3e-11ea-a566-a4fc777806ea.jpg; ; ; ; ; ; ; ; ; ; ;1;0;0;0;0
./G-0/75722596-4e3e-11ea-8b18-a4fc777806ea.jpg; ; ; ; ; ; ; ; ; ; ;1;0;0;0;0
./G-0/762b313d-4e3e-11ea-8cf7-a4fc777806ea.jpg; ; ; ; ; ; ; ; ; ; ;1;0;0;0;0
./G-1/395843e8-4e3e-11ea-9c5e-a4fc777806ea.jpg; ; ; ; ; ; ; ; ; ; ;0;1;0;0;0
./G-1/3a1b994f-4e3e-11ea-8976-a4fc777806ea.jpg; ; ; ; ; ; ; ; ; ; ;0;1;0;0;0
./G-1/3aeec475-4e3e-11ea-8d10-a4fc777806ea.jpg; ; ; ; ; ; ; ; ; ; ;0;1;0;0;0
./G-1/3d3585b4-4e3e-11ea-b63d-a4fc777806ea.jpg; ; ; ; ; ; ; ; ; ; ;0;1;0;0;0
./G-1/3ddd5c2c-4e3e-11ea-a60d-a4fc777806ea.jpg; ; ; ; ; ; ; ; ; ; ;0;1;0;0;0
./G-1/3e725d19-4e3e-11ea-86ec-a4fc777806ea.jpg; ; ; ; ; ; ; ; ; ; ;0;1;0;0;0
./G-1/3ef859cd-4e3e-11ea-99c3-a4fc777806ea.jpg; ; ; ; ; ; ; ; ; ; ;0;1;0;0;0
./G-1/3f7ea002-4e3e-11ea-baa8-a4fc777806ea.jpg; ; ; ; ; ; ; ; ; ; ;0;1;0;0;0
./G-1/401d48ec-4e3e-11ea-a619-a4fc777806ea.jpg; ; ; ; ; ; ; ; ; ; ;0;1;0;0;0
./G-1/40c371d0-4e3e-11ea-aef5-a4fc777806ea.jpg; ; ; ; ; ; ; ; ; ; ;0;1;0;0;0
./G-1/41739f2f-4e3e-11ea-b151-a4fc777806ea.jpg; ; ; ; ; ; ; ; ; ; ;0;1;0;0;0
./G-1/421bcfeb-4e3e-11ea-8125-a4fc777806ea.jpg; ; ; ; ; ; ; ; ; ; ;0;1;0;0;0
./G-1/42c1df2b-4e3e-11ea-a037-a4fc777806ea.jpg; ; ; ; ; ; ; ; ; ; ;0;1;0;0;0
./G-1/436f7f04-4e3e-11ea-8d97-a4fc777806ea.jpg; ; ; ; ; ; ; ; ; ; ;0;1;0;0;0
./G-1/4428bd40-4e3e-11ea-8997-a4fc777806ea.jpg; ; ; ; ; ; ; ; ; ; ;0;1;0;0;0
./G-1/44fd799f-4e3e-11ea-b21a-a4fc777806ea.jpg; ; ; ; ; ; ; ; ; ; ;0;1;0;0;0
./G-1/45e2f00d-4e3e-11ea-a41b-a4fc777806ea.jpg; ; ; ; ; ; ; ; ; ; ;0;1;0;0;0
./G-1/46c6acfe-4e3e-11ea-86eb-a4fc777806ea.jpg; ; ; ; ; ; ; ; ; ; ;0;1;0;0;0
./G-1/4788e304-4e3e-11ea-8bcf-a4fc777806ea.jpg; ; ; ; ; ; ; ; ; ; ;0;1;0;0;0
./G-1/48340924-4e3e-11ea-857d-a4fc777806ea.jpg; ; ; ; ; ; ; ; ; ; ;0;1;0;0;0
./G-1/49350b26-4e3e-11ea-a569-a4fc777806ea.jpg; ; ; ; ; ; ; ; ; ; ;0;1;0;0;0
./G-1/4a2f4a2f-4e3e-11ea-8a36-a4fc777806ea.jpg; ; ; ; ; ; ; ; ; ; ;0;1;0;0;0
./G-1/4b483b17-4e3e-11ea-ac9c-a4fc777806ea.jpg; ; ; ; ; ; ; ; ; ; ;0;1;0;0;0
./G-1/4d691d85-4e3e-11ea-85f9-a4fc777806ea.jpg; ; ; ; ; ; ; ; ; ; ;0;1;0;0;0
./G-1/4ef46721-4e3e-11ea-9b20-a4fc777806ea.jpg; ; ; ; ; ; ; ; ; ; ;0;1;0;0;0
./G-1/5125f3c1-4e3e-11ea-8bd9-a4fc777806ea.jpg; ; ; ; ; ; ; ; ; ; ;0;1;0;0;0
./G-1/51db338d-4e3e-11ea-81c5-a4fc777806ea.jpg; ; ; ; ; ; ; ; ; ; ;0;1;0;0;0
./G-1/52cd9721-4e3e-11ea-a68d-a4fc777806ea.jpg; ; ; ; ; ; ; ; ; ; ;0;1;0;0;0
./G-1/53fb2abf-4e3e-11ea-8a65-a4fc777806ea.jpg; ; ; ; ; ; ; ; ; ; ;0;1;0;0;0
./G-1/55adf091-4e3e-11ea-a660-a4fc777806ea.jpg; ; ; ; ; ; ; ; ; ; ;0;1;0;0;0
./G-2/018b4b46-4e3e-11ea-afe8-a4fc777806ea.jpg; ; ; ; ; ; ; ; ; ; ;0;0;1;0;0
./G-2/023aab21-4e3e-11ea-bef6-a4fc777806ea.jpg; ; ; ; ; ; ; ; ; ; ;0;0;1;0;0
./G-2/040dc6f6-4e3e-11ea-a116-a4fc777806ea.jpg; ; ; ; ; ; ; ; ; ; ;0;0;1;0;0
./G-2/04e20195-4e3e-11ea-8cc2-a4fc777806ea.jpg; ; ; ; ; ; ; ; ; ; ;0;0;1;0;0
./G-2/05b8d6fe-4e3e-11ea-ba66-a4fc777806ea.jpg; ; ; ; ; ; ; ; ; ; ;0;0;1;0;0
./G-2/06530094-4e3e-11ea-8403-a4fc777806ea.jpg; ; ; ; ; ; ; ; ; ; ;0;0;1;0;0
./G-2/0731abde-4e3e-11ea-b3dc-a4fc777806ea.jpg; ; ; ; ; ; ; ; ; ; ;0;0;1;0;0
./G-2/07e58a4b-4e3e-11ea-8d35-a4fc777806ea.jpg; ; ; ; ; ; ; ; ; ; ;0;0;1;0;0
./G-2/09433e0a-4e3e-11ea-a3b9-a4fc777806ea.jpg; ; ; ; ; ; ; ; ; ; ;0;0;1;0;0
./G-2/0a174bb4-4e3e-11ea-9ada-a4fc777806ea.jpg; ; ; ; ; ; ; ; ; ; ;0;0;1;0;0
./G-2/1a21b3e4-4e3e-11ea-a9e3-a4fc777806ea.jpg; ; ; ; ; ; ; ; ; ; ;0;0;1;0;0
./G-2/1ba34733-4e3e-11ea-b220-a4fc777806ea.jpg; ; ; ; ; ; ; ; ; ; ;0;0;1;0;0
./G-2/1cd5363a-4e3e-11ea-b36c-a4fc777806ea.jpg; ; ; ; ; ; ; ; ; ; ;0;0;1;0;0
./G-2/1d8b65fe-4e3e-11ea-a0d1-a4fc777806ea.jpg; ; ; ; ; ; ; ; ; ; ;0;0;1;0;0
./G-2/1f100d3f-4e3e-11ea-9e69-a4fc777806ea.jpg; ; ; ; ; ; ; ; ; ; ;0;0;1;0;0
./G-2/1fbcd655-4e3e-11ea-9bbb-a4fc777806ea.jpg; ; ; ; ; ; ; ; ; ; ;0;0;1;0;0
./G-2/20919a4b-4e3e-11ea-bc6a-a4fc777806ea.jpg; ; ; ; ; ; ; ; ; ; ;0;0;1;0;0
./G-2/214ac254-4e3e-11ea-b1fa-a4fc777806ea.jpg; ; ; ; ; ; ; ; ; ; ;0;0;1;0;0
./G-2/227a8ab6-4e3e-11ea-89e0-a4fc777806ea.jpg; ; ; ; ; ; ; ; ; ; ;0;0;1;0;0
./G-2/2346f352-4e3e-11ea-9766-a4fc777806ea.jpg; ; ; ; ; ; ; ; ; ; ;0;0;1;0;0
./G-2/24cff971-4e3e-11ea-a35e-a4fc777806ea.jpg; ; ; ; ; ; ; ; ; ; ;0;0;1;0;0
./G-2/258e1ea0-4e3e-11ea-8dfa-a4fc777806ea.jpg; ; ; ; ; ; ; ; ; ; ;0;0;1;0;0
./G-2/267fc4d0-4e3e-11ea-94d2-a4fc777806ea.jpg; ; ; ; ; ; ; ; ; ; ;0;0;1;0;0
./G-2/27dd10cf-4e3e-11ea-8404-a4fc777806ea.jpg; ; ; ; ; ; ; ; ; ; ;0;0;1;0;0
./G-2/29180310-4e3e-11ea-97dc-a4fc777806ea.jpg; ; ; ; ; ; ; ; ; ; ;0;0;1;0;0
./G-2/2b0057c1-4e3e-11ea-a767-a4fc777806ea.jpg; ; ; ; ; ; ; ; ; ; ;0;0;1;0;0
./G-2/2ccb938a-4e3e-11ea-a6e0-a4fc777806ea.jpg; ; ; ; ; ; ; ; ; ; ;0;0;1;0;0
./G-2/2ddb7e35-4e3e-11ea-80ce-a4fc777806ea.jpg; ; ; ; ; ; ; ; ; ; ;0;0;1;0;0
./G-2/2f634db3-4e3e-11ea-b2c5-a4fc777806ea.jpg; ; ; ; ; ; ; ; ; ; ;0;0;1;0;0
./G-2/3059c704-4e3e-11ea-8add-a4fc777806ea.jpg; ; ; ; ; ; ; ; ; ; ;0;0;1;0;0
./G-3/d18bf412-4e3d-11ea-8134-a4fc777806ea.jpg; ; ; ; ; ; ; ; ; ; ;0;0;0;1;0
./G-3/d3193268-4e3d-11ea-9990-a4fc777806ea.jpg; ; ; ; ; ; ; ; ; ; ;0;0;0;1;0
./G-3/d3a2cd95-4e3d-11ea-9e0f-a4fc777806ea.jpg; ; ; ; ; ; ; ; ; ; ;0;0;0;1;0
./G-3/d446245a-4e3d-11ea-a97a-a4fc777806ea.jpg; ; ; ; ; ; ; ; ; ; ;0;0;0;1;0
./G-3/d4e27548-4e3d-11ea-aed6-a4fc777806ea.jpg; ; ; ; ; ; ; ; ; ; ;0;0;0;1;0
./G-3/d6073e50-4e3d-11ea-96c1-a4fc777806ea.jpg; ; ; ; ; ; ; ; ; ; ;0;0;0;1;0
./G-3/d6ace5b6-4e3d-11ea-bda2-a4fc777806ea.jpg; ; ; ; ; ; ; ; ; ; ;0;0;0;1;0
./G-3/d860898d-4e3d-11ea-a4eb-a4fc777806ea.jpg; ; ; ; ; ; ; ; ; ; ;0;0;0;1;0
./G-3/d8f80ae9-4e3d-11ea-bc90-a4fc777806ea.jpg; ; ; ; ; ; ; ; ; ; ;0;0;0;1;0
./G-3/d98c0467-4e3d-11ea-864b-a4fc777806ea.jpg; ; ; ; ; ; ; ; ; ; ;0;0;0;1;0
./G-3/dab7ed73-4e3d-11ea-8eed-a4fc777806ea.jpg; ; ; ; ; ; ; ; ; ; ;0;0;0;1;0
./G-3/dd7f371e-4e3d-11ea-9dd9-a4fc777806ea.jpg; ; ; ; ; ; ; ; ; ; ;0;0;0;1;0
./G-3/dea8f87d-4e3d-11ea-bd49-a4fc777806ea.jpg; ; ; ; ; ; ; ; ; ; ;0;0;0;1;0
./G-3/df690d0c-4e3d-11ea-b4eb-a4fc777806ea.jpg; ; ; ; ; ; ; ; ; ; ;0;0;0;1;0
./G-3/dffcf558-4e3d-11ea-bfd7-a4fc777806ea.jpg; ; ; ; ; ; ; ; ; ; ;0;0;0;1;0
./G-3/e108972b-4e3d-11ea-97da-a4fc777806ea.jpg; ; ; ; ; ; ; ; ; ; ;0;0;0;1;0
./G-3/e83bce80-4e3d-11ea-a5a7-a4fc777806ea.jpg; ; ; ; ; ; ; ; ; ; ;0;0;0;1;0
./G-3/e8e1d59a-4e3d-11ea-b0f4-a4fc777806ea.jpg; ; ; ; ; ; ; ; ; ; ;0;0;0;1;0
./G-3/e9ab3180-4e3d-11ea-8f48-a4fc777806ea.jpg; ; ; ; ; ; ; ; ; ; ;0;0;0;1;0
./G-3/ea5b62e0-4e3d-11ea-acf2-a4fc777806ea.jpg; ; ; ; ; ; ; ; ; ; ;0;0;0;1;0
./G-3/eb22c43c-4e3d-11ea-8ffc-a4fc777806ea.jpg; ; ; ; ; ; ; ; ; ; ;0;0;0;1;0
./G-3/ec209eaa-4e3d-11ea-b4bf-a4fc777806ea.jpg; ; ; ; ; ; ; ; ; ; ;0;0;0;1;0
./G-3/ed10adee-4e3d-11ea-8579-a4fc777806ea.jpg; ; ; ; ; ; ; ; ; ; ;0;0;0;1;0
./G-3/edd568ea-4e3d-11ea-ab7a-a4fc777806ea.jpg; ; ; ; ; ; ; ; ; ; ;0;0;0;1;0
./G-3/eeac8c96-4e3d-11ea-be9a-a4fc777806ea.jpg; ; ; ; ; ; ; ; ; ; ;0;0;0;1;0
./G-3/efb8b47b-4e3d-11ea-81dd-a4fc777806ea.jpg; ; ; ; ; ; ; ; ; ; ;0;0;0;1;0
./G-3/f0520ca0-4e3d-11ea-b477-a4fc777806ea.jpg; ; ; ; ; ; ; ; ; ; ;0;0;0;1;0
./G-3/f1fd8a87-4e3d-11ea-a3b9-a4fc777806ea.jpg; ; ; ; ; ; ; ; ; ; ;0;0;0;1;0
./G-3/f442cda3-4e3d-11ea-abba-a4fc777806ea.jpg; ; ; ; ; ; ; ; ; ; ;0;0;0;1;0
./G-3/f569deb3-4e3d-11ea-8bda-a4fc777806ea.jpg; ; ; ; ; ; ; ; ; ; ;0;0;0;1;0
./G-3/f698c913-4e3d-11ea-ab2c-a4fc777806ea.jpg; ; ; ; ; ; ; ; ; ; ;0;0;0;1;0
./G-3/f7a537d6-4e3d-11ea-afda-a4fc777806ea.jpg; ; ; ; ; ; ; ; ; ; ;0;0;0;1;0
./G-4/95b08273-4e3d-11ea-8280-a4fc777806ea.jpg; ; ; ; ; ; ; ; ; ; ;0;0;0;0;1
./G-4/9741f672-4e3d-11ea-b5a1-a4fc777806ea.jpg; ; ; ; ; ; ; ; ; ; ;0;0;0;0;1
./G-4/97f95666-4e3d-11ea-8688-a4fc777806ea.jpg; ; ; ; ; ; ; ; ; ; ;0;0;0;0;1
./G-4/98b081e2-4e3d-11ea-b4b5-a4fc777806ea.jpg; ; ; ; ; ; ; ; ; ; ;0;0;0;0;1
./G-4/996ceab0-4e3d-11ea-b009-a4fc777806ea.jpg; ; ; ; ; ; ; ; ; ; ;0;0;0;0;1
./G-4/9a265c63-4e3d-11ea-aeac-a4fc777806ea.jpg; ; ; ; ; ; ; ; ; ; ;0;0;0;0;1
./G-4/9b9dc21a-4e3d-11ea-b861-a4fc777806ea.jpg; ; ; ; ; ; ; ; ; ; ;0;0;0;0;1
./G-4/9c7c816b-4e3d-11ea-bd23-a4fc777806ea.jpg; ; ; ; ; ; ; ; ; ; ;0;0;0;0;1
./G-4/9d491e87-4e3d-11ea-860e-a4fc777806ea.jpg; ; ; ; ; ; ; ; ; ; ;0;0;0;0;1
./G-4/9e2704ff-4e3d-11ea-b235-a4fc777806ea.jpg; ; ; ; ; ; ; ; ; ; ;0;0;0;0;1
./G-4/9ecb7c7b-4e3d-11ea-b76c-a4fc777806ea.jpg; ; ; ; ; ; ; ; ; ; ;0;0;0;0;1
./G-4/9fd76d4d-4e3d-11ea-8b37-a4fc777806ea.jpg; ; ; ; ; ; ; ; ; ; ;0;0;0;0;1
./G-4/a0fc6291-4e3d-11ea-9995-a4fc777806ea.jpg; ; ; ; ; ; ; ; ; ; ;0;0;0;0;1
./G-4/a1dde6e1-4e3d-11ea-bf5a-a4fc777806ea.jpg; ; ; ; ; ; ; ; ; ; ;0;0;0;0;1
./G-4/a30e18aa-4e3d-11ea-808e-a4fc777806ea.jpg; ; ; ; ; ; ; ; ; ; ;0;0;0;0;1
./G-4/a5239ec0-4e3d-11ea-8d75-a4fc777806ea.jpg; ; ; ; ; ; ; ; ; ; ;0;0;0;0;1
./G-4/a66bbf0e-4e3d-11ea-a87e-a4fc777806ea.jpg; ; ; ; ; ; ; ; ; ; ;0;0;0;0;1
./G-4/a7786cda-4e3d-11ea-a73d-a4fc777806ea.jpg; ; ; ; ; ; ; ; ; ; ;0;0;0;0;1
./G-4/a8e677c9-4e3d-11ea-8000-a4fc777806ea.jpg; ; ; ; ; ; ; ; ; ; ;0;0;0;0;1
./G-4/a9cfe077-4e3d-11ea-b1d8-a4fc777806ea.jpg; ; ; ; ; ; ; ; ; ; ;0;0;0;0;1
./G-4/b33975eb-4e3d-11ea-a219-a4fc777806ea.jpg; ; ; ; ; ; ; ; ; ; ;0;0;0;0;1
./G-4/b4b2094f-4e3d-11ea-b21e-a4fc777806ea.jpg; ; ; ; ; ; ; ; ; ; ;0;0;0;0;1
./G-4/b5f0efe7-4e3d-11ea-bf8c-a4fc777806ea.jpg; ; ; ; ; ; ; ; ; ; ;0;0;0;0;1
./G-4/b75e5589-4e3d-11ea-af8b-a4fc777806ea.jpg; ; ; ; ; ; ; ; ; ; ;0;0;0;0;1
./G-4/b85eaec6-4e3d-11ea-879e-a4fc777806ea.jpg; ; ; ; ; ; ; ; ; ; ;0;0;0;0;1
./G-4/b9e7d2ad-4e3d-11ea-8818-a4fc777806ea.jpg; ; ; ; ; ; ; ; ; ; ;0;0;0;0;1
./G-4/bb3ae9c3-4e3d-11ea-80a4-a4fc777806ea.jpg; ; ; ; ; ; ; ; ; ; ;0;0;0;0;1
./G-4/bc6c7768-4e3d-11ea-ab9f-a4fc777806ea.jpg; ; ; ; ; ; ; ; ; ; ;0;0;0;0;1
./G-4/be87b788-4e3d-11ea-acc8-a4fc777806ea.jpg; ; ; ; ; ; ; ; ; ; ;0;0;0;0;1
./G-4/c03cd106-4e3d-11ea-b7ba-a4fc777806ea.jpg; ; ; ; ; ; ; ; ; ; ;0;0;0;0;1